GENDER,PERSON
Female,1351245.77669001
Male,1277059.23354
Other gender,3791.39335
